 [
{ 

"photo_url":
"https://s3-us-west-2.amazonaws.com/ad420-avi/new+folder/boy.png",
"tag":[
      "fun",
      "exciting",
      "lame"
    ],
"file_name":"boy.jpg" 

}, 
{ 

"photo_url":
"https://s3-us-west-2.amazonaws.com/ad420-avi/new+folder/girl.png",
"tag":[
      "funny",
      "cute",
      "simple",
      "regular"
    ],
"file_name":"girl.jpg" 

},
{ 

"photo_url":
"https://s3-us-west-2.amazonaws.com/ad420-avi/new+folder/lion.png",
"tag":[
      "roaring",
      "exciting"
    ],
"file_name":"lion.jpg" 

},
{ 

"photo_url":
"https://s3-us-west-2.amazonaws.com/ad420-avi/new+folder/paw.png",
"tag":[
      "scary",
      "wow",
      "interesting"
    ],
"file_name":"paw.jpg" 

}
]